{
  "project_info": {
    "project_number": "112769226949",
    "project_id": "laundryshop-daa90",
    "storage_bucket": "laundryshop-daa90.appspot.com"
  },
  "client": [
    {
      "client_info": {
        "mobilesdk_app_id": "1:112769226949:android:e0960656386891fbb9b8ac",
        "android_client_info": {
          "package_name": "com.example.admin"
        }
      },
      "oauth_client": [],
      "api_key": [
        {
          "current_key": "AIzaSyAMu7hzOggaOYqOdf_j3PYpKrr8SrcuX8I"
        }
      ],
      "services": {
        "appinvite_service": {
          "other_platform_oauth_client": []
        }
      }
    },
    {
      "client_info": {
        "mobilesdk_app_id": "1:112769226949:android:234a2f5acfca55e8b9b8ac",
        "android_client_info": {
          "package_name": "com.example.staff"
        }
      },
      "oauth_client": [],
      "api_key": [
        {
          "current_key": "AIzaSyAMu7hzOggaOYqOdf_j3PYpKrr8SrcuX8I"
        }
      ],
      "services": {
        "appinvite_service": {
          "other_platform_oauth_client": []
        }
      }
    }
  ],
  "configuration_version": "1"
}